age,gender,income,spending_score,membership_years,purchase_frequency,last_purchase_amount,Cluster,Cluster_Label
38,Female,99342,90,3,24,113.53,0,Average Shoppers
21,Female,78852,60,2,42,41.93,0,Average Shoppers
60,Female,126573,30,2,28,424.36,0,Average Shoppers
40,Other,47099,74,9,5,991.93,1,High Value Customers
65,Female,140621,21,3,25,347.08,0,Average Shoppers
31,Other,57305,24,3,30,86.85,1,High Value Customers
19,Other,54319,68,5,43,191.72,1,High Value Customers
43,Male,108115,94,9,27,734.56,2,Frequent Buyers
53,Male,34424,29,6,7,951.71,2,Frequent Buyers
55,Female,45839,55,7,2,821.18,0,Average Shoppers
23,Other,69659,16,7,24,434.97,1,High Value Customers
68,Other,30058,91,1,49,889.94,1,High Value Customers
29,Female,87461,81,3,27,101.07,0,Average Shoppers
64,Other,33018,46,4,3,221.35,1,High Value Customers
33,Male,112260,17,5,8,915.89,2,Frequent Buyers
53,Male,129284,17,6,26,225.4,2,Frequent Buyers
57,Male,102535,29,5,13,378.47,2,Frequent Buyers
22,Male,41849,22,1,31,844.08,2,Frequent Buyers
37,Male,95491,90,6,21,454.83,2,Frequent Buyers
31,Male,97103,70,3,17,61.3,2,Frequent Buyers
19,Female,82519,13,4,4,742.39,0,Average Shoppers
22,Male,49077,74,10,47,799.31,2,Frequent Buyers
36,Other,85473,68,1,16,806.55,1,High Value Customers
41,Other,81758,87,7,9,482.2,1,High Value Customers
69,Female,36140,78,5,39,508.86,0,Average Shoppers
33,Other,141757,60,10,39,83.27,1,High Value Customers
54,Male,35394,10,9,4,124.29,2,Frequent Buyers
30,Female,50680,19,7,27,515.88,0,Average Shoppers
18,Female,70721,78,7,1,191.9,0,Average Shoppers
23,Male,104106,30,4,20,950.56,2,Frequent Buyers
36,Other,76756,16,8,27,970.06,1,High Value Customers
60,Female,45733,69,2,18,197.29,0,Average Shoppers
29,Male,71951,2,6,47,91.94,2,Frequent Buyers
44,Other,86593,89,4,37,76.95,1,High Value Customers
45,Other,43138,54,10,48,639.22,1,High Value Customers
30,Female,73464,37,1,6,532.51,0,Average Shoppers
47,Male,108074,78,4,38,128.2,2,Frequent Buyers
48,Other,81794,89,7,50,967.99,1,High Value Customers
31,Female,75392,43,4,29,88.44,0,Average Shoppers
22,Male,107057,14,5,41,98.86,2,Frequent Buyers
23,Male,70723,31,1,48,713.33,2,Frequent Buyers
52,Male,115529,70,2,34,192.66,2,Frequent Buyers
35,Male,72179,6,6,45,165.18,2,Frequent Buyers
28,Other,62405,79,5,50,956.73,1,High Value Customers
50,Male,42404,45,4,31,753.6,2,Frequent Buyers
49,Other,94531,28,5,42,214.93,1,High Value Customers
56,Male,129005,40,6,8,355.34,2,Frequent Buyers
48,Male,76317,94,9,3,189.28,2,Frequent Buyers
19,Other,85309,65,5,10,28.55,1,High Value Customers
68,Female,146519,96,2,18,673.79,0,Average Shoppers
61,Female,61290,83,9,35,110.32,0,Average Shoppers
24,Female,96082,83,4,36,589.35,0,Average Shoppers
45,Other,134241,73,9,16,893.44,1,High Value Customers
33,Female,45136,84,9,38,332.34,0,Average Shoppers
56,Female,85476,55,2,41,774.5,0,Average Shoppers
42,Other,73466,50,4,13,903.07,1,High Value Customers
63,Other,49607,7,9,20,195.34,1,High Value Customers
49,Female,112198,48,5,24,843.87,0,Average Shoppers
43,Female,81595,12,7,1,806.26,0,Average Shoppers
21,Female,139387,1,5,7,399.58,0,Average Shoppers
23,Male,69133,14,6,7,224.86,2,Frequent Buyers
30,Other,89149,87,10,36,174.41,1,High Value Customers
49,Female,79992,49,8,6,636.65,0,Average Shoppers
50,Female,85111,31,1,19,319.05,0,Average Shoppers
27,Other,90557,36,2,2,494.55,1,High Value Customers
32,Male,100270,69,3,29,686.05,2,Frequent Buyers
36,Female,127346,75,5,7,335.98,0,Average Shoppers
43,Female,87807,52,9,41,95.08,0,Average Shoppers
32,Male,135861,88,5,16,103.33,2,Frequent Buyers
49,Other,40936,32,9,49,495.62,1,High Value Customers
23,Female,66376,60,1,18,77.73,0,Average Shoppers
58,Other,56120,30,3,50,880.23,1,High Value Customers
31,Female,112452,21,1,5,552.21,0,Average Shoppers
38,Female,102944,63,8,9,92.69,0,Average Shoppers
58,Other,143037,56,8,42,57.57,1,High Value Customers
60,Female,131101,68,8,28,522.95,0,Average Shoppers
49,Male,30708,4,1,36,990.0,2,Frequent Buyers
32,Other,44048,20,7,10,41.55,1,High Value Customers
30,Other,95501,27,3,14,476.25,1,High Value Customers
68,Other,45092,54,4,40,738.6,1,High Value Customers
65,Other,117157,90,9,39,812.36,1,High Value Customers
36,Female,148542,60,1,17,15.66,0,Average Shoppers
36,Female,99427,94,8,15,265.04,0,Average Shoppers
56,Male,58971,77,9,35,13.16,2,Frequent Buyers
19,Male,101100,43,3,14,392.36,2,Frequent Buyers
31,Other,61849,24,6,31,120.8,1,High Value Customers
59,Male,47990,3,10,48,755.92,2,Frequent Buyers
31,Male,55100,20,7,31,59.84,2,Frequent Buyers
18,Other,105470,8,7,4,746.18,1,High Value Customers
45,Other,63381,80,4,8,754.24,1,High Value Customers
32,Other,92089,16,1,47,209.86,1,High Value Customers
39,Other,104031,67,6,28,930.36,1,High Value Customers
65,Male,62792,83,8,11,230.58,2,Frequent Buyers
46,Other,113116,7,10,13,190.55,1,High Value Customers
30,Other,75926,97,10,19,670.87,1,High Value Customers
23,Male,108480,46,10,21,377.31,2,Frequent Buyers
63,Other,102834,31,7,20,582.57,1,High Value Customers
49,Male,46695,99,9,26,674.7,2,Frequent Buyers
21,Other,105024,45,3,32,795.84,1,High Value Customers
26,Female,59496,58,2,50,23.33,0,Average Shoppers
40,Female,115569,1,2,5,241.91,0,Average Shoppers
18,Male,49346,70,7,38,127.14,2,Frequent Buyers
19,Male,75430,50,7,32,532.51,2,Frequent Buyers
60,Female,142407,4,2,1,29.58,0,Average Shoppers
20,Other,34982,7,2,45,597.15,1,High Value Customers
55,Female,147187,37,7,27,941.67,0,Average Shoppers
19,Other,37993,59,6,30,873.8,1,High Value Customers
65,Male,81753,72,9,21,633.63,2,Frequent Buyers
57,Female,81695,90,8,44,179.8,0,Average Shoppers
56,Female,40676,86,7,38,627.65,0,Average Shoppers
37,Male,111242,33,5,34,756.32,2,Frequent Buyers
64,Male,87006,85,7,20,930.73,2,Frequent Buyers
58,Male,82856,33,7,20,450.72,2,Frequent Buyers
32,Male,35514,4,5,36,415.44,2,Frequent Buyers
64,Male,87595,11,5,21,69.78,2,Frequent Buyers
59,Male,125014,89,7,42,451.82,2,Frequent Buyers
62,Male,128322,44,4,31,668.91,2,Frequent Buyers
62,Male,48693,36,9,44,755.67,2,Frequent Buyers
33,Male,113154,75,8,46,895.58,2,Frequent Buyers
68,Female,78309,12,2,49,848.14,0,Average Shoppers
47,Female,112072,50,5,21,884.19,0,Average Shoppers
43,Male,42855,66,6,23,138.51,2,Frequent Buyers
26,Other,55515,29,9,37,50.57,1,High Value Customers
30,Male,51454,94,8,17,553.35,2,Frequent Buyers
66,Other,69362,58,1,23,960.08,1,High Value Customers
26,Female,69795,60,9,29,389.37,0,Average Shoppers
58,Male,32860,90,5,18,405.05,2,Frequent Buyers
40,Other,81037,70,10,45,370.75,1,High Value Customers
67,Other,40385,64,1,17,957.06,1,High Value Customers
61,Female,131607,25,7,26,714.15,0,Average Shoppers
51,Male,42337,70,9,28,914.97,2,Frequent Buyers
67,Female,116124,78,10,28,11.29,0,Average Shoppers
25,Other,94016,85,8,49,764.28,1,High Value Customers
26,Male,62131,91,6,18,70.56,2,Frequent Buyers
29,Female,100290,85,8,29,480.87,0,Average Shoppers
31,Male,145261,25,10,37,378.4,2,Frequent Buyers
48,Male,81763,49,6,46,179.25,2,Frequent Buyers
67,Female,120561,66,2,21,798.2,0,Average Shoppers
18,Female,99638,33,8,23,316.27,0,Average Shoppers
18,Female,78097,84,3,26,453.34,0,Average Shoppers
23,Other,67237,85,9,40,673.02,1,High Value Customers
37,Male,61695,13,5,45,18.49,2,Frequent Buyers
55,Other,101084,73,9,24,624.81,1,High Value Customers
41,Female,82613,49,3,10,421.24,0,Average Shoppers
44,Other,122987,29,10,25,898.68,1,High Value Customers
58,Other,90389,17,5,12,855.21,1,High Value Customers
69,Male,90929,2,10,29,518.7,2,Frequent Buyers
47,Female,104517,91,2,6,979.41,0,Average Shoppers
34,Other,79949,89,3,19,273.34,1,High Value Customers
54,Male,100745,29,6,42,335.15,2,Frequent Buyers
55,Other,138064,86,5,22,368.75,1,High Value Customers
45,Female,79721,20,1,1,215.41,0,Average Shoppers
43,Male,33030,61,8,40,711.04,2,Frequent Buyers
30,Other,78653,43,4,2,933.73,1,High Value Customers
53,Other,146312,58,2,32,880.78,1,High Value Customers
24,Female,103766,77,4,25,663.21,0,Average Shoppers
69,Female,51990,59,2,37,762.41,0,Average Shoppers
61,Other,46738,36,3,26,393.6,1,High Value Customers
58,Other,107818,70,5,24,722.18,1,High Value Customers
36,Other,83511,28,5,49,367.97,1,High Value Customers
69,Female,117782,18,1,15,762.55,0,Average Shoppers
64,Other,122472,75,1,17,771.33,1,High Value Customers
45,Male,76259,72,5,41,228.88,2,Frequent Buyers
60,Other,98771,37,8,42,520.37,1,High Value Customers
64,Other,96494,10,4,47,184.45,1,High Value Customers
41,Female,48155,19,10,36,566.65,0,Average Shoppers
18,Other,46707,61,10,16,18.6,1,High Value Customers
36,Other,87275,82,9,2,14.52,1,High Value Customers
51,Female,58930,95,5,33,115.09,0,Average Shoppers
37,Male,33987,60,8,39,975.1,2,Frequent Buyers
21,Male,140801,13,3,43,82.88,2,Frequent Buyers
19,Male,98446,25,4,34,696.59,2,Frequent Buyers
56,Female,111754,96,8,38,631.06,0,Average Shoppers
47,Other,66932,89,5,9,861.66,1,High Value Customers
33,Female,81766,86,1,16,160.11,0,Average Shoppers
34,Male,79572,62,2,24,843.15,2,Frequent Buyers
65,Other,123680,30,2,35,218.74,1,High Value Customers
67,Female,130300,75,5,27,94.32,0,Average Shoppers
45,Female,102050,57,8,39,263.93,0,Average Shoppers
48,Male,121325,30,3,35,624.36,2,Frequent Buyers
49,Male,76202,83,3,6,208.79,2,Frequent Buyers
40,Male,136323,36,6,25,625.28,2,Frequent Buyers
43,Female,32512,95,4,49,223.39,0,Average Shoppers
27,Male,63313,8,10,42,35.01,2,Frequent Buyers
41,Female,104337,91,6,27,401.63,0,Average Shoppers
40,Other,124138,84,10,41,426.62,1,High Value Customers
35,Male,137307,32,6,24,111.27,2,Frequent Buyers
55,Male,77060,14,2,16,286.79,2,Frequent Buyers
45,Male,108335,62,1,35,940.93,2,Frequent Buyers
41,Other,59408,68,1,16,504.16,1,High Value Customers
35,Male,100208,80,2,27,23.73,2,Frequent Buyers
63,Other,109506,48,10,50,26.85,1,High Value Customers
69,Female,39509,10,6,27,377.66,0,Average Shoppers
69,Male,74519,95,10,42,931.51,2,Frequent Buyers
67,Other,31806,79,8,13,261.07,1,High Value Customers
48,Male,108550,5,6,35,410.05,2,Frequent Buyers
34,Female,56125,66,10,26,610.66,0,Average Shoppers
39,Male,116566,76,9,21,32.38,2,Frequent Buyers
45,Female,82014,30,10,15,81.91,0,Average Shoppers
63,Female,113240,47,9,22,279.96,0,Average Shoppers
45,Male,111788,28,9,49,628.43,2,Frequent Buyers
25,Male,30570,16,8,44,971.09,2,Frequent Buyers
66,Other,106631,41,6,9,354.46,1,High Value Customers
49,Male,100258,53,6,27,436.43,2,Frequent Buyers
27,Male,132541,78,8,42,825.01,2,Frequent Buyers
34,Male,97962,18,3,19,947.73,2,Frequent Buyers
58,Male,48714,75,10,40,324.91,2,Frequent Buyers
59,Female,70050,62,3,10,49.53,0,Average Shoppers
60,Female,124416,24,5,39,544.04,0,Average Shoppers
47,Other,93783,24,10,3,406.56,1,High Value Customers
40,Female,83445,89,7,11,356.35,0,Average Shoppers
18,Other,54421,20,1,41,215.95,1,High Value Customers
47,Female,121498,29,9,28,706.37,0,Average Shoppers
33,Male,84883,43,2,49,956.03,2,Frequent Buyers
69,Other,127086,93,4,45,339.9,1,High Value Customers
26,Other,133538,27,5,46,761.08,1,High Value Customers
46,Female,82034,19,2,45,635.93,0,Average Shoppers
55,Female,147024,24,9,16,169.79,0,Average Shoppers
57,Male,33009,82,9,24,563.64,2,Frequent Buyers
69,Male,142216,90,7,29,559.73,2,Frequent Buyers
62,Male,82623,51,8,37,155.14,2,Frequent Buyers
67,Other,64134,3,2,26,868.18,1,High Value Customers
53,Female,146546,12,6,45,915.02,0,Average Shoppers
51,Female,33665,12,2,2,139.07,0,Average Shoppers
54,Female,92156,18,7,14,238.87,0,Average Shoppers
19,Female,51355,48,8,28,278.21,0,Average Shoppers
65,Male,89274,71,10,34,840.45,2,Frequent Buyers
53,Male,57651,27,7,16,345.62,2,Frequent Buyers
19,Other,52470,90,5,35,515.99,1,High Value Customers
56,Male,31154,40,4,25,197.54,2,Frequent Buyers
24,Female,147572,44,7,45,204.27,0,Average Shoppers
66,Male,144573,41,7,24,66.6,2,Frequent Buyers
41,Female,88312,22,6,31,212.53,0,Average Shoppers
29,Female,96066,45,7,24,479.36,0,Average Shoppers
19,Female,41542,21,1,22,132.88,0,Average Shoppers
42,Other,66495,79,9,31,537.66,1,High Value Customers
62,Other,52480,22,3,14,821.42,1,High Value Customers
64,Other,148368,19,4,23,949.32,1,High Value Customers
64,Female,124599,41,9,41,924.18,0,Average Shoppers
44,Female,121975,33,6,27,640.96,0,Average Shoppers
41,Female,41748,50,8,5,35.16,0,Average Shoppers
31,Female,125501,74,3,18,947.76,0,Average Shoppers
25,Other,109583,6,4,30,923.64,1,High Value Customers
47,Female,108356,84,6,19,911.0,0,Average Shoppers
28,Other,134414,19,5,15,922.01,1,High Value Customers
44,Male,83880,31,6,32,464.42,2,Frequent Buyers
54,Other,48896,28,9,25,244.79,1,High Value Customers
28,Other,48383,57,8,35,17.97,1,High Value Customers
54,Female,134743,98,9,42,894.21,0,Average Shoppers
47,Male,91491,52,5,10,21.43,2,Frequent Buyers
43,Male,89688,27,10,30,223.64,2,Frequent Buyers
25,Other,105185,70,2,37,556.23,1,High Value Customers
49,Other,129014,25,7,21,271.52,1,High Value Customers
66,Other,112847,98,9,44,827.44,1,High Value Customers
27,Other,139589,69,8,22,150.58,1,High Value Customers
46,Other,38785,55,9,22,486.25,1,High Value Customers
26,Male,134203,19,3,28,935.64,2,Frequent Buyers
37,Other,86856,74,3,10,624.29,1,High Value Customers
68,Male,49725,59,2,35,12.36,2,Frequent Buyers
39,Female,56381,82,6,19,759.6,0,Average Shoppers
39,Other,117432,96,7,41,25.44,1,High Value Customers
60,Other,45827,18,2,47,599.66,1,High Value Customers
64,Other,115366,68,9,28,934.88,1,High Value Customers
57,Female,31451,75,3,8,611.79,0,Average Shoppers
63,Male,142287,77,10,44,785.29,2,Frequent Buyers
53,Other,84616,68,10,8,543.31,1,High Value Customers
57,Female,114972,42,9,12,999.74,0,Average Shoppers
23,Other,101024,29,3,41,484.85,1,High Value Customers
33,Female,118116,100,9,48,21.9,0,Average Shoppers
28,Female,49020,75,9,49,109.03,0,Average Shoppers
69,Male,47458,14,2,10,874.32,2,Frequent Buyers
52,Female,104033,6,5,15,192.31,0,Average Shoppers
47,Other,84117,74,9,17,886.08,1,High Value Customers
60,Other,107232,68,4,48,730.8,1,High Value Customers
22,Other,128623,88,5,20,609.57,1,High Value Customers
39,Female,39931,43,1,28,261.36,0,Average Shoppers
53,Other,94392,38,5,11,997.24,1,High Value Customers
63,Male,48225,24,6,14,764.05,2,Frequent Buyers
47,Other,95656,63,2,30,634.19,1,High Value Customers
53,Female,61826,96,1,14,577.0,0,Average Shoppers
61,Other,47689,46,4,42,802.44,1,High Value Customers
34,Male,68250,9,10,26,835.06,2,Frequent Buyers
33,Male,113187,27,9,46,886.3,2,Frequent Buyers
43,Male,77006,27,3,36,223.98,2,Frequent Buyers
63,Female,121652,20,1,26,169.58,0,Average Shoppers
51,Male,124670,66,2,43,184.8,2,Frequent Buyers
31,Male,119460,69,2,22,486.21,2,Frequent Buyers
56,Male,117922,69,2,41,98.83,2,Frequent Buyers
38,Male,84577,70,7,27,631.28,2,Frequent Buyers
43,Male,64136,61,1,19,680.92,2,Frequent Buyers
45,Female,57845,32,6,41,934.34,0,Average Shoppers
62,Other,38250,63,5,22,723.93,1,High Value Customers
45,Other,54819,72,3,47,553.44,1,High Value Customers
47,Other,89077,43,1,35,547.85,1,High Value Customers
18,Other,135713,79,7,18,871.12,1,High Value Customers
56,Other,129611,23,3,48,98.85,1,High Value Customers
40,Male,97995,47,4,9,101.35,2,Frequent Buyers
39,Male,132488,40,5,37,82.16,2,Frequent Buyers
59,Male,36383,5,6,31,82.77,2,Frequent Buyers
55,Other,144624,38,2,23,652.26,1,High Value Customers
52,Female,106147,2,6,19,412.65,0,Average Shoppers
50,Other,130668,39,5,25,69.81,1,High Value Customers
59,Female,57745,33,7,42,492.87,0,Average Shoppers
50,Female,78296,93,9,47,559.16,0,Average Shoppers
32,Male,39407,50,6,13,844.22,2,Frequent Buyers
48,Male,39407,82,5,27,463.07,2,Frequent Buyers
26,Other,135530,81,2,12,126.35,1,High Value Customers
54,Female,76995,14,3,46,685.09,0,Average Shoppers
64,Female,96182,44,4,8,509.31,0,Average Shoppers
50,Male,100320,45,7,29,139.39,2,Frequent Buyers
53,Male,138922,45,5,22,154.06,2,Frequent Buyers
30,Male,143200,38,8,30,684.43,2,Frequent Buyers
69,Other,35218,47,4,33,315.49,1,High Value Customers
44,Male,141748,55,2,50,897.57,2,Frequent Buyers
68,Female,62971,27,8,17,85.45,0,Average Shoppers
20,Female,57260,47,2,49,506.7,0,Average Shoppers
18,Other,92363,84,1,10,539.74,1,High Value Customers
23,Other,84664,45,5,12,592.72,1,High Value Customers
61,Other,47790,67,9,5,714.29,1,High Value Customers
34,Male,31668,43,5,40,117.01,2,Frequent Buyers
43,Female,78858,4,3,38,261.19,0,Average Shoppers
46,Other,126553,16,2,22,85.56,1,High Value Customers
55,Other,80006,44,2,49,727.51,1,High Value Customers
30,Male,119162,15,9,38,937.85,2,Frequent Buyers
41,Other,71410,69,1,32,456.67,1,High Value Customers
59,Other,49020,100,2,42,588.18,1,High Value Customers
50,Male,36022,11,6,49,801.59,2,Frequent Buyers
41,Female,64634,55,9,44,488.07,0,Average Shoppers
68,Other,76921,79,1,23,122.02,1,High Value Customers
28,Male,51087,60,4,42,68.31,2,Frequent Buyers
30,Male,90651,88,9,37,555.41,2,Frequent Buyers
38,Other,50518,70,1,38,816.09,1,High Value Customers
21,Other,126598,14,3,1,505.98,1,High Value Customers
58,Other,99475,27,9,9,249.39,1,High Value Customers
60,Male,145308,83,3,31,53.26,2,Frequent Buyers
40,Other,107488,96,7,16,843.6,1,High Value Customers
58,Male,60768,88,2,38,67.52,2,Frequent Buyers
42,Other,115381,70,7,33,592.52,1,High Value Customers
28,Female,111697,92,9,50,205.58,0,Average Shoppers
48,Other,30374,28,7,34,463.78,1,High Value Customers
31,Other,35406,45,10,9,637.02,1,High Value Customers
69,Female,71688,69,4,25,532.23,0,Average Shoppers
32,Male,48445,91,8,27,265.17,2,Frequent Buyers
41,Male,136928,42,5,33,239.72,2,Frequent Buyers
33,Male,112118,27,10,9,535.28,2,Frequent Buyers
62,Female,114587,14,7,11,26.72,0,Average Shoppers
38,Female,42378,36,5,20,279.77,0,Average Shoppers
39,Female,136141,58,6,30,211.56,0,Average Shoppers
44,Male,32030,38,2,19,912.15,2,Frequent Buyers
56,Female,148694,44,7,13,326.5,0,Average Shoppers
68,Other,122661,16,4,48,85.44,1,High Value Customers
47,Female,54571,57,4,2,138.3,0,Average Shoppers
61,Other,120516,100,10,47,475.52,1,High Value Customers
63,Other,37003,57,4,25,857.68,1,High Value Customers
38,Other,81837,68,5,6,349.35,1,High Value Customers
32,Other,94627,88,9,30,703.94,1,High Value Customers
49,Other,103191,34,5,41,253.63,1,High Value Customers
57,Male,137205,18,1,21,862.12,2,Frequent Buyers
50,Male,85888,19,2,25,910.52,2,Frequent Buyers
38,Male,40590,91,7,27,617.64,2,Frequent Buyers
28,Female,130938,98,5,37,612.09,0,Average Shoppers
21,Male,107934,32,5,38,533.18,2,Frequent Buyers
26,Other,149741,51,4,37,685.36,1,High Value Customers
63,Other,145117,66,7,12,971.02,1,High Value Customers
21,Other,90000,42,4,23,278.15,1,High Value Customers
19,Other,105019,84,8,32,735.3,1,High Value Customers
65,Female,65576,91,5,12,782.55,0,Average Shoppers
53,Female,130474,74,10,39,217.92,0,Average Shoppers
63,Other,77411,20,2,37,648.38,1,High Value Customers
23,Female,30751,99,9,26,696.9,0,Average Shoppers
20,Male,87520,93,4,3,459.87,2,Frequent Buyers
39,Female,53805,71,5,16,372.03,0,Average Shoppers
30,Other,80320,91,1,31,930.97,1,High Value Customers
64,Other,84380,69,10,28,212.08,1,High Value Customers
33,Female,58367,11,4,29,826.87,0,Average Shoppers
25,Female,56110,36,5,42,389.97,0,Average Shoppers
46,Male,123037,100,1,9,617.74,2,Frequent Buyers
45,Female,110174,87,5,32,388.15,0,Average Shoppers
41,Female,30074,95,8,19,78.82,0,Average Shoppers
59,Other,140349,75,2,6,383.64,1,High Value Customers
67,Female,104036,56,10,37,998.98,0,Average Shoppers
68,Other,93926,45,5,22,19.14,1,High Value Customers
65,Male,124796,4,5,38,247.96,2,Frequent Buyers
46,Male,120914,1,1,41,329.9,2,Frequent Buyers
38,Male,78829,73,7,20,665.25,2,Frequent Buyers
69,Male,105810,57,6,28,985.94,2,Frequent Buyers
51,Female,105658,49,9,9,785.55,0,Average Shoppers
25,Female,100053,6,5,33,832.57,0,Average Shoppers
34,Other,118622,99,4,47,122.21,1,High Value Customers
37,Male,65343,89,3,2,668.23,2,Frequent Buyers
67,Female,101759,57,3,19,670.51,0,Average Shoppers
28,Male,59278,60,2,8,362.41,2,Frequent Buyers
55,Female,127542,79,8,12,632.6,0,Average Shoppers
69,Female,74331,83,9,11,341.63,0,Average Shoppers
69,Female,119075,40,8,44,866.72,0,Average Shoppers
54,Other,87418,21,2,27,846.76,1,High Value Customers
23,Other,37713,11,8,31,481.24,1,High Value Customers
48,Male,36282,14,10,3,210.43,2,Frequent Buyers
19,Female,69790,3,9,38,596.63,0,Average Shoppers
41,Female,147962,90,2,9,688.61,0,Average Shoppers
32,Other,86268,96,3,21,643.36,1,High Value Customers
63,Male,149062,66,9,7,441.11,2,Frequent Buyers
40,Other,127948,29,6,26,144.78,1,High Value Customers
36,Male,30121,39,10,16,233.08,2,Frequent Buyers
21,Male,42889,12,2,20,789.92,2,Frequent Buyers
29,Other,141369,42,10,16,862.54,1,High Value Customers
24,Other,119844,78,4,6,572.31,1,High Value Customers
40,Other,135305,54,8,29,831.6,1,High Value Customers
63,Female,70967,59,6,10,954.05,0,Average Shoppers
20,Female,98213,12,5,37,902.24,0,Average Shoppers
43,Female,89856,96,3,2,114.47,0,Average Shoppers
61,Other,80988,34,8,14,937.86,1,High Value Customers
19,Female,105731,9,7,10,421.08,0,Average Shoppers
69,Female,117737,6,4,9,877.51,0,Average Shoppers
57,Male,52164,53,3,36,710.84,2,Frequent Buyers
38,Other,51327,62,5,24,645.43,1,High Value Customers
52,Other,101105,11,9,2,714.72,1,High Value Customers
51,Female,97565,48,10,31,656.9,0,Average Shoppers
64,Other,71594,40,4,42,487.73,1,High Value Customers
46,Male,60671,57,5,48,817.69,2,Frequent Buyers
46,Female,90871,56,4,39,592.97,0,Average Shoppers
56,Other,36843,46,7,12,22.15,1,High Value Customers
62,Female,96260,30,6,45,159.13,0,Average Shoppers
56,Male,134502,46,5,5,394.49,2,Frequent Buyers
41,Male,67039,100,1,36,178.68,2,Frequent Buyers
40,Other,142251,90,10,14,866.52,1,High Value Customers
47,Female,49336,11,10,11,877.17,0,Average Shoppers
54,Other,90780,24,3,46,824.65,1,High Value Customers
20,Male,49308,29,6,19,351.64,2,Frequent Buyers
64,Other,124369,74,2,3,275.4,1,High Value Customers
40,Male,99618,80,4,22,15.04,2,Frequent Buyers
29,Female,133291,52,4,42,916.28,0,Average Shoppers
44,Female,100832,90,8,39,769.0,0,Average Shoppers
57,Male,60668,66,6,28,984.6,2,Frequent Buyers
32,Female,69782,76,1,9,803.28,0,Average Shoppers
52,Other,136827,87,5,20,322.29,1,High Value Customers
48,Other,51565,44,5,20,552.48,1,High Value Customers
47,Female,95033,25,3,35,273.38,0,Average Shoppers
63,Female,118402,74,3,12,828.04,0,Average Shoppers
23,Female,130546,71,9,36,799.33,0,Average Shoppers
46,Male,68970,50,9,46,392.35,2,Frequent Buyers
26,Female,84460,45,1,33,219.67,0,Average Shoppers
47,Other,138199,79,10,43,171.38,1,High Value Customers
62,Other,59481,30,4,35,121.0,1,High Value Customers
62,Female,75974,68,4,46,180.09,0,Average Shoppers
53,Male,56570,29,7,37,432.65,2,Frequent Buyers
27,Other,68689,83,8,33,782.58,1,High Value Customers
31,Female,46106,72,7,2,59.82,0,Average Shoppers
50,Male,46524,1,4,7,371.62,2,Frequent Buyers
48,Male,60382,13,3,27,694.59,2,Frequent Buyers
24,Other,147555,65,4,28,434.84,1,High Value Customers
45,Female,93800,33,10,32,391.45,0,Average Shoppers
30,Male,35565,83,8,17,238.79,2,Frequent Buyers
27,Male,143992,31,2,32,994.1,2,Frequent Buyers
28,Other,126571,82,10,8,26.12,1,High Value Customers
61,Other,57851,46,3,5,604.29,1,High Value Customers
30,Other,120083,47,1,49,443.12,1,High Value Customers
62,Male,32827,69,8,2,468.37,2,Frequent Buyers
30,Other,100399,96,2,5,705.64,1,High Value Customers
55,Female,105647,94,1,14,737.91,0,Average Shoppers
41,Male,141605,100,4,20,693.02,2,Frequent Buyers
57,Female,46563,86,4,24,800.46,0,Average Shoppers
53,Male,37569,18,8,50,634.92,2,Frequent Buyers
65,Female,138529,87,10,14,461.61,0,Average Shoppers
54,Female,40858,48,6,20,34.88,0,Average Shoppers
69,Other,143640,14,8,2,387.39,1,High Value Customers
25,Male,99668,1,1,50,937.86,2,Frequent Buyers
54,Male,32276,73,2,44,554.58,2,Frequent Buyers
32,Other,100736,84,10,32,863.93,1,High Value Customers
53,Other,139508,92,6,39,172.99,1,High Value Customers
32,Male,38683,59,10,47,846.85,2,Frequent Buyers
35,Other,42390,27,3,41,781.31,1,High Value Customers
53,Female,104435,42,4,34,795.81,0,Average Shoppers
54,Female,111261,56,1,44,216.09,0,Average Shoppers
36,Other,112674,12,7,35,590.32,1,High Value Customers
38,Male,144083,23,1,28,158.15,2,Frequent Buyers
42,Male,115342,19,4,47,13.69,2,Frequent Buyers
48,Other,143424,24,3,22,594.94,1,High Value Customers
58,Female,137836,19,9,21,172.39,0,Average Shoppers
19,Female,35529,62,4,24,177.69,0,Average Shoppers
54,Male,105641,17,9,37,173.81,2,Frequent Buyers
65,Other,120542,52,3,36,70.22,1,High Value Customers
44,Female,43069,55,6,33,501.34,0,Average Shoppers
40,Male,61052,44,4,17,135.19,2,Frequent Buyers
65,Male,39113,85,9,42,964.87,2,Frequent Buyers
66,Other,91672,71,5,9,10.4,1,High Value Customers
22,Female,104781,64,8,38,151.48,0,Average Shoppers
47,Other,124597,67,9,8,885.33,1,High Value Customers
26,Female,96845,19,1,5,154.89,0,Average Shoppers
19,Female,113254,38,5,35,633.5,0,Average Shoppers
22,Female,46900,70,1,24,325.46,0,Average Shoppers
39,Male,84725,100,8,49,906.07,2,Frequent Buyers
51,Female,120616,71,1,16,542.03,0,Average Shoppers
35,Male,141134,24,4,48,649.61,2,Frequent Buyers
59,Male,140809,45,5,45,917.5,2,Frequent Buyers
33,Female,65486,76,2,11,302.05,0,Average Shoppers
56,Male,145254,48,6,43,422.32,2,Frequent Buyers
54,Female,43308,56,5,50,667.92,0,Average Shoppers
25,Male,33065,61,7,40,317.98,2,Frequent Buyers
47,Male,69168,16,7,42,638.96,2,Frequent Buyers
42,Male,129999,73,5,2,942.97,2,Frequent Buyers
61,Female,41730,2,9,20,177.64,0,Average Shoppers
22,Male,75626,52,7,34,154.67,2,Frequent Buyers
18,Other,142641,40,7,31,240.64,1,High Value Customers
22,Male,53863,96,10,41,491.64,2,Frequent Buyers
66,Male,149505,79,4,8,334.95,2,Frequent Buyers
58,Male,132215,91,8,6,275.71,2,Frequent Buyers
48,Other,72108,85,8,13,486.58,1,High Value Customers
68,Other,113760,64,2,37,462.62,1,High Value Customers
19,Male,111238,7,2,30,813.37,2,Frequent Buyers
24,Other,109039,71,9,41,606.18,1,High Value Customers
33,Male,132968,49,10,45,641.53,2,Frequent Buyers
19,Male,82506,10,5,41,406.32,2,Frequent Buyers
69,Female,58668,40,2,15,626.35,0,Average Shoppers
28,Male,66961,8,10,22,179.82,2,Frequent Buyers
32,Other,137280,95,6,3,31.72,1,High Value Customers
18,Other,112021,9,3,11,588.37,1,High Value Customers
45,Female,110280,85,4,21,944.07,0,Average Shoppers
45,Female,67753,64,4,48,926.69,0,Average Shoppers
38,Male,54918,1,6,6,979.26,2,Frequent Buyers
69,Other,78534,100,2,9,75.03,1,High Value Customers
29,Female,51471,96,3,13,668.21,0,Average Shoppers
32,Female,58144,4,5,16,923.37,0,Average Shoppers
47,Other,100338,13,9,40,48.65,1,High Value Customers
33,Female,90232,19,2,8,255.08,0,Average Shoppers
52,Male,133701,64,1,34,534.25,2,Frequent Buyers
62,Female,117704,37,3,48,112.11,0,Average Shoppers
23,Female,144577,75,1,9,826.02,0,Average Shoppers
57,Male,139366,39,5,50,34.5,2,Frequent Buyers
27,Male,106944,63,1,28,36.39,2,Frequent Buyers
61,Male,92031,44,7,11,573.31,2,Frequent Buyers
19,Male,146165,38,9,45,819.92,2,Frequent Buyers
36,Other,113794,74,1,27,377.75,1,High Value Customers
28,Male,121073,44,3,16,482.35,2,Frequent Buyers
46,Other,61090,3,4,3,213.68,1,High Value Customers
62,Female,74474,49,2,18,933.65,0,Average Shoppers
48,Female,57932,70,9,44,192.46,0,Average Shoppers
39,Male,49970,53,5,24,728.58,2,Frequent Buyers
27,Male,73823,11,8,23,27.4,2,Frequent Buyers
36,Male,37595,88,8,49,600.48,2,Frequent Buyers
33,Female,103063,16,3,4,998.51,0,Average Shoppers
69,Other,86860,70,1,1,812.25,1,High Value Customers
68,Female,40478,22,4,46,954.91,0,Average Shoppers
66,Female,126893,3,1,32,199.17,0,Average Shoppers
23,Female,123168,80,4,19,860.95,0,Average Shoppers
44,Other,112137,37,7,18,769.16,1,High Value Customers
60,Other,108533,23,9,24,506.98,1,High Value Customers
22,Female,93861,42,6,6,73.13,0,Average Shoppers
39,Male,30004,32,6,48,863.47,2,Frequent Buyers
53,Male,47499,85,2,45,338.69,2,Frequent Buyers
50,Male,43965,83,3,17,83.38,2,Frequent Buyers
20,Male,51199,100,5,5,889.83,2,Frequent Buyers
69,Male,51759,18,9,14,563.48,2,Frequent Buyers
61,Female,54256,78,3,3,886.44,0,Average Shoppers
66,Other,53345,100,4,22,221.75,1,High Value Customers
25,Female,52403,53,1,14,73.34,0,Average Shoppers
45,Male,95367,83,5,30,845.33,2,Frequent Buyers
40,Male,62536,84,4,28,149.07,2,Frequent Buyers
33,Male,121639,17,7,28,422.14,2,Frequent Buyers
63,Male,82296,61,4,43,390.89,2,Frequent Buyers
61,Other,137276,92,5,8,482.77,1,High Value Customers
18,Male,143235,46,10,31,143.75,2,Frequent Buyers
23,Male,143899,10,3,47,361.81,2,Frequent Buyers
56,Other,134923,18,3,31,515.16,1,High Value Customers
68,Other,106635,85,10,30,854.95,1,High Value Customers
29,Male,60262,56,4,27,452.32,2,Frequent Buyers
22,Other,92601,75,7,49,120.76,1,High Value Customers
45,Female,41917,58,8,5,870.38,0,Average Shoppers
29,Female,59815,43,6,24,105.48,0,Average Shoppers
18,Other,94701,69,8,48,760.34,1,High Value Customers
36,Female,31458,40,4,6,371.77,0,Average Shoppers
19,Male,134193,95,7,44,97.65,2,Frequent Buyers
40,Female,143338,6,8,26,491.07,0,Average Shoppers
48,Other,93084,30,7,5,480.55,1,High Value Customers
49,Male,55027,62,2,1,962.9,2,Frequent Buyers
51,Female,149256,96,1,31,266.83,0,Average Shoppers
32,Female,46610,92,5,9,409.85,0,Average Shoppers
64,Male,43175,59,10,35,363.86,2,Frequent Buyers
21,Female,71227,17,10,12,101.48,0,Average Shoppers
51,Female,149744,99,1,12,215.92,0,Average Shoppers
46,Male,129568,56,10,27,766.26,2,Frequent Buyers
19,Male,135968,50,4,49,174.43,2,Frequent Buyers
33,Male,38240,92,3,37,626.82,2,Frequent Buyers
30,Male,114808,23,9,6,74.08,2,Frequent Buyers
51,Female,37310,6,5,14,706.18,0,Average Shoppers
62,Other,147903,79,5,22,203.15,1,High Value Customers
20,Other,61541,80,2,14,48.5,1,High Value Customers
47,Other,55753,69,5,40,772.89,1,High Value Customers
29,Other,80868,33,6,15,865.65,1,High Value Customers
33,Male,93599,22,4,37,274.96,2,Frequent Buyers
53,Male,108263,21,1,47,734.48,2,Frequent Buyers
22,Male,100730,4,5,10,459.58,2,Frequent Buyers
62,Female,148501,41,9,32,980.47,0,Average Shoppers
29,Other,98150,42,9,34,324.11,1,High Value Customers
28,Other,61870,100,6,3,728.67,1,High Value Customers
46,Male,73370,2,4,29,486.5,2,Frequent Buyers
50,Male,132598,57,7,21,930.91,2,Frequent Buyers
56,Other,55695,58,7,30,435.76,1,High Value Customers
41,Other,69204,95,4,28,936.04,1,High Value Customers
52,Male,127010,76,8,26,13.46,2,Frequent Buyers
53,Female,137854,33,10,47,523.27,0,Average Shoppers
20,Male,145924,64,5,18,495.49,2,Frequent Buyers
33,Female,53219,33,4,47,251.23,0,Average Shoppers
47,Male,64592,25,4,12,237.34,2,Frequent Buyers
18,Female,144275,69,9,27,141.72,0,Average Shoppers
39,Male,48641,45,3,46,415.19,2,Frequent Buyers
30,Male,102200,88,5,47,131.84,2,Frequent Buyers
41,Other,67215,34,3,30,460.25,1,High Value Customers
53,Other,96499,29,4,5,744.11,1,High Value Customers
23,Female,83912,28,6,31,98.32,0,Average Shoppers
42,Female,63444,72,4,40,166.45,0,Average Shoppers
33,Female,38271,39,10,43,99.52,0,Average Shoppers
60,Other,53295,73,3,5,642.3,1,High Value Customers
64,Female,116106,5,1,5,25.86,0,Average Shoppers
69,Male,141965,98,5,35,616.66,2,Frequent Buyers
43,Male,38012,55,3,24,943.37,2,Frequent Buyers
29,Other,83172,51,8,1,906.75,1,High Value Customers
53,Other,62024,13,2,39,66.6,1,High Value Customers
29,Other,88288,39,5,50,803.87,1,High Value Customers
53,Other,50215,92,6,48,814.52,1,High Value Customers
20,Male,122028,40,3,6,777.44,2,Frequent Buyers
33,Other,102269,26,8,47,356.67,1,High Value Customers
30,Female,97829,99,4,27,320.95,0,Average Shoppers
59,Other,66196,37,9,44,483.66,1,High Value Customers
41,Male,36763,50,5,36,490.62,2,Frequent Buyers
19,Male,138008,8,9,15,116.8,2,Frequent Buyers
27,Female,96762,22,3,10,551.43,0,Average Shoppers
39,Other,108744,63,2,23,411.86,1,High Value Customers
65,Male,84223,83,7,46,971.93,2,Frequent Buyers
64,Female,145746,76,2,48,49.06,0,Average Shoppers
47,Female,108766,37,7,38,640.55,0,Average Shoppers
29,Female,72125,41,5,31,507.62,0,Average Shoppers
43,Female,97989,14,6,49,886.61,0,Average Shoppers
51,Other,143678,50,8,23,916.04,1,High Value Customers
23,Female,122669,15,3,4,248.68,0,Average Shoppers
24,Female,93266,20,1,4,636.29,0,Average Shoppers
52,Other,85267,6,5,2,704.32,1,High Value Customers
34,Female,60489,95,3,38,304.86,0,Average Shoppers
68,Male,57700,70,8,46,178.21,2,Frequent Buyers
57,Male,97035,28,6,42,741.41,2,Frequent Buyers
59,Other,141667,28,4,5,204.25,1,High Value Customers
34,Female,114408,38,7,28,647.35,0,Average Shoppers
64,Female,92888,2,7,50,84.98,0,Average Shoppers
54,Male,132403,83,3,2,45.2,2,Frequent Buyers
67,Other,115578,10,1,36,646.16,1,High Value Customers
62,Male,113856,78,6,50,720.47,2,Frequent Buyers
24,Other,122371,11,2,4,838.19,1,High Value Customers
43,Female,67979,49,2,6,420.03,0,Average Shoppers
27,Male,147360,96,3,26,26.1,2,Frequent Buyers
47,Other,88268,32,8,27,686.5,1,High Value Customers
27,Female,113174,36,3,46,499.07,0,Average Shoppers
32,Other,95862,34,6,41,65.15,1,High Value Customers
41,Male,140959,35,7,14,232.42,2,Frequent Buyers
48,Male,82356,97,1,35,204.55,2,Frequent Buyers
45,Other,47989,70,6,9,218.77,1,High Value Customers
33,Other,65142,45,10,42,132.6,1,High Value Customers
27,Male,81110,44,6,8,654.05,2,Frequent Buyers
61,Male,145578,79,2,34,762.06,2,Frequent Buyers
35,Other,116378,38,10,11,79.27,1,High Value Customers
54,Female,89035,14,4,11,138.81,0,Average Shoppers
69,Female,34122,50,4,27,758.44,0,Average Shoppers
66,Other,38652,40,10,7,566.59,1,High Value Customers
30,Female,76658,70,3,32,760.27,0,Average Shoppers
56,Other,30492,47,5,6,725.26,1,High Value Customers
37,Male,105623,26,5,47,94.79,2,Frequent Buyers
31,Other,85972,62,9,25,914.63,1,High Value Customers
29,Female,135394,53,9,36,30.13,0,Average Shoppers
27,Female,48576,29,7,29,976.83,0,Average Shoppers
52,Male,87717,79,6,44,95.17,2,Frequent Buyers
55,Other,59108,36,6,31,900.16,1,High Value Customers
34,Male,54274,27,2,17,954.46,2,Frequent Buyers
30,Male,94803,76,6,33,596.98,2,Frequent Buyers
47,Female,40790,36,1,4,913.84,0,Average Shoppers
32,Other,41072,14,5,39,981.04,1,High Value Customers
64,Female,67704,12,6,17,126.15,0,Average Shoppers
64,Female,48169,39,5,33,451.86,0,Average Shoppers
51,Female,146159,99,7,38,808.89,0,Average Shoppers
63,Other,56374,60,4,45,943.5,1,High Value Customers
46,Female,112770,6,10,27,559.73,0,Average Shoppers
36,Other,106345,98,7,49,55.21,1,High Value Customers
49,Other,115974,95,8,22,143.0,1,High Value Customers
61,Male,136973,27,7,2,269.2,2,Frequent Buyers
27,Female,89855,54,10,37,750.51,0,Average Shoppers
42,Male,56378,8,9,18,880.45,2,Frequent Buyers
37,Male,104041,64,9,49,117.52,2,Frequent Buyers
30,Male,115674,78,2,48,621.73,2,Frequent Buyers
59,Male,65196,22,2,36,625.33,2,Frequent Buyers
30,Male,94970,15,4,11,250.07,2,Frequent Buyers
69,Other,45024,38,5,11,830.03,1,High Value Customers
39,Female,141586,50,4,46,659.67,0,Average Shoppers
53,Other,84686,93,8,1,109.54,1,High Value Customers
23,Male,57558,28,6,23,800.78,2,Frequent Buyers
28,Female,142450,80,3,22,471.87,0,Average Shoppers
64,Male,32144,76,2,28,902.66,2,Frequent Buyers
45,Male,53474,79,8,21,40.32,2,Frequent Buyers
61,Male,89720,4,9,8,795.49,2,Frequent Buyers
36,Female,114281,99,7,6,217.78,0,Average Shoppers
33,Other,36577,28,4,1,612.54,1,High Value Customers
55,Other,53164,64,2,19,932.41,1,High Value Customers
31,Male,33604,8,5,2,984.15,2,Frequent Buyers
31,Male,148121,34,9,32,753.49,2,Frequent Buyers
26,Female,42499,92,9,50,37.57,0,Average Shoppers
26,Female,56466,61,3,12,358.22,0,Average Shoppers
52,Female,58805,14,2,47,104.35,0,Average Shoppers
42,Male,49140,23,9,35,400.23,2,Frequent Buyers
29,Female,102972,68,3,39,258.09,0,Average Shoppers
47,Female,128439,42,5,22,219.02,0,Average Shoppers
68,Male,47482,100,9,49,170.56,2,Frequent Buyers
44,Female,118123,40,8,31,140.52,0,Average Shoppers
43,Female,43545,67,5,41,179.71,0,Average Shoppers
43,Other,51398,12,4,26,117.85,1,High Value Customers
18,Male,141318,37,6,28,428.33,2,Frequent Buyers
19,Female,76416,26,6,20,385.1,0,Average Shoppers
30,Male,100115,54,2,36,789.67,2,Frequent Buyers
43,Other,67912,71,10,35,698.03,1,High Value Customers
48,Female,74273,23,10,46,626.27,0,Average Shoppers
47,Male,136278,76,10,48,233.64,2,Frequent Buyers
57,Female,108833,77,3,37,623.78,0,Average Shoppers
21,Female,119226,21,8,50,772.63,0,Average Shoppers
69,Other,72651,58,5,30,103.11,1,High Value Customers
27,Male,114848,66,10,38,912.58,2,Frequent Buyers
45,Male,127989,99,1,42,683.99,2,Frequent Buyers
20,Male,48504,27,3,28,658.54,2,Frequent Buyers
21,Other,114762,28,3,7,397.54,1,High Value Customers
48,Female,108563,3,8,39,15.72,0,Average Shoppers
40,Other,105994,39,9,17,347.21,1,High Value Customers
18,Other,84764,2,6,49,348.51,1,High Value Customers
28,Other,53503,39,5,30,591.64,1,High Value Customers
50,Male,86985,77,8,11,964.1,2,Frequent Buyers
19,Male,85349,77,8,29,381.04,2,Frequent Buyers
53,Female,52855,12,5,33,444.09,0,Average Shoppers
29,Other,66264,85,2,8,743.3,1,High Value Customers
49,Male,56707,6,8,29,604.53,2,Frequent Buyers
23,Other,66886,7,6,40,322.64,1,High Value Customers
38,Other,115537,10,7,25,632.99,1,High Value Customers
52,Female,130875,76,10,14,979.39,0,Average Shoppers
28,Male,104971,74,4,10,297.17,2,Frequent Buyers
18,Female,136320,52,5,42,891.19,0,Average Shoppers
61,Male,113380,27,2,17,177.5,2,Frequent Buyers
62,Female,119083,18,4,28,317.78,0,Average Shoppers
50,Female,50944,24,3,36,121.22,0,Average Shoppers
45,Other,30738,38,7,5,144.0,1,High Value Customers
64,Male,132277,81,5,30,505.24,2,Frequent Buyers
56,Male,90816,20,10,35,808.16,2,Frequent Buyers
30,Female,64288,93,9,43,825.85,0,Average Shoppers
60,Male,34657,99,10,3,983.3,2,Frequent Buyers
26,Male,44725,40,10,17,307.42,2,Frequent Buyers
57,Female,58696,69,4,29,570.87,0,Average Shoppers
22,Male,73023,30,1,19,661.7,2,Frequent Buyers
41,Other,74985,68,8,21,123.96,1,High Value Customers
63,Male,37201,60,6,46,90.96,2,Frequent Buyers
31,Male,85928,10,2,40,34.1,2,Frequent Buyers
28,Other,129367,4,1,44,559.61,1,High Value Customers
52,Male,49342,77,7,29,622.86,2,Frequent Buyers
61,Male,59583,11,8,27,744.56,2,Frequent Buyers
30,Female,111050,61,10,32,213.88,0,Average Shoppers
19,Female,129687,78,3,43,679.67,0,Average Shoppers
35,Male,94896,36,6,4,102.23,2,Frequent Buyers
64,Other,130443,29,1,17,835.67,1,High Value Customers
27,Male,80545,63,6,46,575.98,2,Frequent Buyers
47,Male,112510,1,2,10,618.2,2,Frequent Buyers
57,Male,145190,42,9,8,971.83,2,Frequent Buyers
63,Male,115204,12,2,19,910.59,2,Frequent Buyers
61,Female,116123,96,2,27,844.95,0,Average Shoppers
40,Other,108344,87,2,13,892.28,1,High Value Customers
41,Other,74198,84,1,50,60.51,1,High Value Customers
45,Other,62582,1,6,46,298.11,1,High Value Customers
33,Other,92798,80,3,44,367.85,1,High Value Customers
19,Male,85583,61,5,43,316.35,2,Frequent Buyers
61,Male,32692,18,8,28,709.33,2,Frequent Buyers
55,Other,53069,3,10,43,777.97,1,High Value Customers
26,Female,79842,78,9,5,557.41,0,Average Shoppers
51,Female,70099,42,7,12,481.56,0,Average Shoppers
52,Male,52167,19,5,50,961.55,2,Frequent Buyers
24,Male,51225,21,6,31,235.64,2,Frequent Buyers
31,Female,123947,25,2,39,355.67,0,Average Shoppers
19,Other,45781,93,6,43,412.99,1,High Value Customers
46,Female,78023,83,7,28,270.15,0,Average Shoppers
56,Other,43031,56,2,15,830.79,1,High Value Customers
65,Other,80686,2,8,30,491.8,1,High Value Customers
53,Male,147355,10,2,38,866.3,2,Frequent Buyers
22,Male,118840,32,9,9,819.14,2,Frequent Buyers
39,Other,71987,42,5,35,196.61,1,High Value Customers
47,Other,64229,74,5,22,438.95,1,High Value Customers
45,Female,88366,22,10,24,253.64,0,Average Shoppers
30,Male,43192,61,1,27,614.39,2,Frequent Buyers
57,Other,56547,65,10,43,686.83,1,High Value Customers
33,Male,38558,71,8,22,223.73,2,Frequent Buyers
25,Female,52575,77,5,13,112.22,0,Average Shoppers
61,Male,96409,66,1,32,674.93,2,Frequent Buyers
59,Female,97756,89,6,3,318.74,0,Average Shoppers
18,Other,140475,38,8,7,442.42,1,High Value Customers
63,Female,123481,26,1,26,386.51,0,Average Shoppers
50,Male,103921,58,2,3,687.32,2,Frequent Buyers
33,Female,45432,11,4,42,990.34,0,Average Shoppers
47,Male,92114,17,7,8,997.15,2,Frequent Buyers
47,Male,86651,54,3,49,678.41,2,Frequent Buyers
68,Other,44597,3,1,36,743.73,1,High Value Customers
25,Male,107042,27,1,32,648.79,2,Frequent Buyers
35,Other,114874,40,3,15,333.55,1,High Value Customers
61,Other,69791,33,8,1,165.39,1,High Value Customers
51,Male,107033,96,3,42,992.17,2,Frequent Buyers
64,Male,127745,72,2,11,192.17,2,Frequent Buyers
59,Female,58656,47,6,6,246.07,0,Average Shoppers
51,Female,97660,3,7,30,145.66,0,Average Shoppers
49,Male,69864,92,10,25,522.78,2,Frequent Buyers
24,Male,68172,6,1,28,445.3,2,Frequent Buyers
33,Male,127302,43,1,40,785.52,2,Frequent Buyers
46,Other,91845,35,8,49,537.23,1,High Value Customers
35,Male,83547,27,7,40,570.08,2,Frequent Buyers
27,Female,78001,50,5,17,117.03,0,Average Shoppers
53,Other,76842,73,6,35,701.61,1,High Value Customers
19,Male,68304,9,10,28,864.57,2,Frequent Buyers
56,Other,145028,2,10,32,849.56,1,High Value Customers
53,Female,58486,87,8,23,409.35,0,Average Shoppers
50,Other,143612,71,9,28,372.69,1,High Value Customers
37,Female,115734,87,2,50,646.4,0,Average Shoppers
69,Male,129445,32,3,6,42.19,2,Frequent Buyers
46,Other,58692,2,9,22,230.66,1,High Value Customers
52,Other,73723,69,10,19,321.92,1,High Value Customers
41,Other,37547,72,3,24,897.46,1,High Value Customers
26,Female,34901,31,7,9,667.8,0,Average Shoppers
69,Male,85068,54,6,24,846.68,2,Frequent Buyers
38,Female,81244,57,5,3,301.59,0,Average Shoppers
30,Female,121358,16,1,2,122.7,0,Average Shoppers
48,Male,111795,41,9,17,116.19,2,Frequent Buyers
62,Other,88975,58,6,24,921.21,1,High Value Customers
34,Male,43316,72,7,13,274.88,2,Frequent Buyers
37,Male,112949,33,8,40,424.07,2,Frequent Buyers
28,Male,136418,17,5,17,765.53,2,Frequent Buyers
43,Female,76811,26,1,33,836.5,0,Average Shoppers
69,Other,81964,22,1,3,839.2,1,High Value Customers
43,Female,85487,71,7,49,625.26,0,Average Shoppers
38,Male,101111,98,8,35,738.01,2,Frequent Buyers
41,Female,68147,75,2,33,553.35,0,Average Shoppers
30,Other,42089,29,3,3,536.52,1,High Value Customers
69,Female,106629,4,7,9,443.22,0,Average Shoppers
57,Male,98928,80,3,33,934.98,2,Frequent Buyers
43,Male,90687,9,5,24,531.25,2,Frequent Buyers
58,Female,68764,96,6,31,723.66,0,Average Shoppers
40,Male,125996,64,6,15,583.95,2,Frequent Buyers
33,Female,96916,23,6,12,373.49,0,Average Shoppers
50,Other,149578,28,2,39,839.34,1,High Value Customers
43,Male,140638,62,10,18,78.52,2,Frequent Buyers
45,Female,57615,30,5,15,998.09,0,Average Shoppers
60,Other,61376,97,8,9,793.84,1,High Value Customers
22,Male,134801,47,1,49,292.92,2,Frequent Buyers
60,Other,111784,31,1,14,122.12,1,High Value Customers
56,Female,86142,87,7,8,291.96,0,Average Shoppers
48,Female,126398,19,1,18,311.08,0,Average Shoppers
51,Other,59566,25,5,22,847.03,1,High Value Customers
64,Female,63123,88,1,16,330.95,0,Average Shoppers
22,Other,120644,75,1,4,456.11,1,High Value Customers
27,Female,40595,84,6,15,268.76,0,Average Shoppers
18,Male,30102,35,2,6,739.27,2,Frequent Buyers
45,Other,135627,67,2,46,524.16,1,High Value Customers
19,Female,90561,75,10,23,866.23,0,Average Shoppers
67,Male,115470,56,4,6,151.74,2,Frequent Buyers
22,Male,62752,2,10,22,469.36,2,Frequent Buyers
22,Male,46866,3,7,46,737.44,2,Frequent Buyers
21,Other,145884,3,4,25,676.93,1,High Value Customers
20,Male,79899,64,7,46,129.9,2,Frequent Buyers
42,Other,77292,73,10,43,787.66,1,High Value Customers
41,Male,92371,28,10,48,594.96,2,Frequent Buyers
57,Other,106632,26,1,17,610.98,1,High Value Customers
22,Male,48068,57,2,24,683.02,2,Frequent Buyers
68,Other,35122,72,6,33,983.84,1,High Value Customers
51,Other,83467,83,1,19,30.88,1,High Value Customers
49,Female,61376,47,5,16,241.25,0,Average Shoppers
57,Other,112212,6,6,44,312.64,1,High Value Customers
57,Female,128481,86,10,40,727.15,0,Average Shoppers
63,Male,33546,18,9,31,191.8,2,Frequent Buyers
42,Female,127546,54,1,31,484.72,0,Average Shoppers
35,Male,121037,70,1,28,304.08,2,Frequent Buyers
25,Female,76606,99,10,32,472.4,0,Average Shoppers
60,Other,120195,68,9,26,600.21,1,High Value Customers
51,Female,127950,27,3,45,412.76,0,Average Shoppers
45,Female,51646,61,5,41,246.41,0,Average Shoppers
51,Male,80995,68,1,18,863.54,2,Frequent Buyers
59,Other,97355,63,2,22,329.18,1,High Value Customers
47,Female,133264,93,2,21,11.01,0,Average Shoppers
61,Male,49557,22,6,12,678.13,2,Frequent Buyers
62,Other,97909,100,1,5,439.63,1,High Value Customers
50,Female,59695,70,5,6,241.99,0,Average Shoppers
58,Other,149723,70,9,23,374.59,1,High Value Customers
26,Other,113532,70,7,28,679.69,1,High Value Customers
60,Male,98882,38,2,28,940.14,2,Frequent Buyers
29,Male,149973,2,2,19,437.1,2,Frequent Buyers
33,Other,146269,92,6,10,486.86,1,High Value Customers
60,Other,73059,77,3,31,581.15,1,High Value Customers
22,Other,87909,19,7,39,20.52,1,High Value Customers
66,Other,40932,5,1,48,546.06,1,High Value Customers
24,Female,60763,92,5,29,320.7,0,Average Shoppers
63,Other,119492,25,8,40,758.1,1,High Value Customers
27,Male,128640,3,5,2,140.52,2,Frequent Buyers
53,Male,137307,34,1,26,952.12,2,Frequent Buyers
32,Male,81701,96,9,49,77.45,2,Frequent Buyers
64,Other,82140,57,3,7,97.97,1,High Value Customers
48,Male,134463,32,2,7,535.1,2,Frequent Buyers
52,Female,41544,1,10,46,720.52,0,Average Shoppers
57,Female,135440,46,8,3,442.46,0,Average Shoppers
55,Female,72193,39,2,6,207.44,0,Average Shoppers
33,Other,106771,23,7,3,609.8,1,High Value Customers
64,Female,122557,87,2,5,344.59,0,Average Shoppers
64,Male,139658,77,6,26,71.97,2,Frequent Buyers
25,Male,130604,100,4,41,355.45,2,Frequent Buyers
62,Other,113706,19,1,13,427.68,1,High Value Customers
59,Other,141567,27,8,30,95.96,1,High Value Customers
27,Female,89618,49,8,12,831.05,0,Average Shoppers
55,Other,45562,68,3,30,628.34,1,High Value Customers
66,Female,55154,93,3,19,684.88,0,Average Shoppers
54,Male,69676,9,7,30,932.68,2,Frequent Buyers
38,Male,45551,100,10,22,99.63,2,Frequent Buyers
55,Male,109314,72,10,47,438.97,2,Frequent Buyers
18,Other,69502,83,6,32,236.83,1,High Value Customers
26,Male,131020,23,7,22,844.88,2,Frequent Buyers
49,Other,30523,83,4,38,564.48,1,High Value Customers
36,Female,45458,74,6,19,135.23,0,Average Shoppers
28,Other,57107,82,5,2,271.17,1,High Value Customers
60,Other,44555,84,7,28,678.42,1,High Value Customers
66,Male,122436,73,7,47,666.62,2,Frequent Buyers
58,Male,105157,51,3,27,344.39,2,Frequent Buyers
68,Male,107702,73,4,2,136.03,2,Frequent Buyers
20,Male,88778,56,2,28,240.93,2,Frequent Buyers
53,Other,32539,22,6,42,536.06,1,High Value Customers
39,Female,53091,41,9,3,12.45,0,Average Shoppers
46,Other,46368,11,7,17,869.05,1,High Value Customers
28,Male,134592,43,10,25,557.04,2,Frequent Buyers
35,Male,48768,43,2,5,746.74,2,Frequent Buyers
42,Other,128064,8,8,44,316.5,1,High Value Customers
59,Male,48329,6,8,26,36.76,2,Frequent Buyers
31,Other,30969,32,9,11,562.47,1,High Value Customers
18,Male,117893,84,3,24,413.27,2,Frequent Buyers
47,Male,138152,53,2,38,129.08,2,Frequent Buyers
48,Other,129592,2,3,26,748.46,1,High Value Customers
51,Male,148784,17,1,50,302.81,2,Frequent Buyers
43,Female,42201,76,1,50,106.48,0,Average Shoppers
64,Other,65498,23,5,24,351.94,1,High Value Customers
37,Male,70213,84,3,37,785.53,2,Frequent Buyers
56,Female,51736,3,9,25,666.01,0,Average Shoppers
54,Male,33706,64,9,1,371.93,2,Frequent Buyers
36,Male,33087,69,7,21,651.8,2,Frequent Buyers
54,Female,140081,100,1,25,30.51,0,Average Shoppers
47,Other,37014,76,5,34,880.18,1,High Value Customers
65,Male,42779,81,5,38,594.92,2,Frequent Buyers
59,Male,149936,80,7,37,406.6,2,Frequent Buyers
60,Other,111493,40,10,8,190.34,1,High Value Customers
21,Other,117520,34,3,32,256.98,1,High Value Customers
62,Other,128667,37,5,17,150.62,1,High Value Customers
45,Other,114390,38,3,9,663.25,1,High Value Customers
41,Other,134487,7,10,50,556.1,1,High Value Customers
29,Female,45164,54,8,45,915.62,0,Average Shoppers
51,Male,104830,43,9,36,593.92,2,Frequent Buyers
44,Male,123822,20,4,8,209.75,2,Frequent Buyers
30,Male,50661,89,9,22,630.37,2,Frequent Buyers
60,Other,48802,68,1,40,296.76,1,High Value Customers
60,Female,56429,69,9,32,894.95,0,Average Shoppers
26,Female,41126,37,9,44,100.64,0,Average Shoppers
38,Female,99054,59,6,4,174.22,0,Average Shoppers
61,Female,50349,76,9,42,957.5,0,Average Shoppers
23,Female,60808,96,2,12,231.03,0,Average Shoppers
60,Male,98537,71,9,45,725.67,2,Frequent Buyers
66,Female,72885,1,9,33,654.48,0,Average Shoppers
26,Other,109221,91,2,44,660.05,1,High Value Customers
49,Other,94218,4,10,5,287.36,1,High Value Customers
58,Other,133888,92,10,14,628.3,1,High Value Customers
46,Female,67361,80,6,25,350.08,0,Average Shoppers
23,Female,74773,16,2,42,626.05,0,Average Shoppers
61,Other,38209,79,8,40,724.23,1,High Value Customers
68,Female,40471,28,3,33,40.89,0,Average Shoppers
58,Female,51913,14,4,21,733.63,0,Average Shoppers
41,Male,120294,79,5,44,942.03,2,Frequent Buyers
43,Male,130645,34,10,5,833.69,2,Frequent Buyers
48,Other,75118,84,6,41,711.37,1,High Value Customers
49,Female,79546,26,5,12,935.73,0,Average Shoppers
30,Male,54930,12,9,13,724.88,2,Frequent Buyers
37,Male,100314,71,5,19,692.74,2,Frequent Buyers
45,Female,91381,48,8,16,253.13,0,Average Shoppers
66,Female,74055,100,6,17,318.7,0,Average Shoppers
45,Female,135047,11,9,42,422.93,0,Average Shoppers
30,Male,117373,32,1,49,129.35,2,Frequent Buyers
59,Other,87884,79,9,28,491.55,1,High Value Customers
68,Female,117203,76,7,38,363.94,0,Average Shoppers
51,Other,91682,27,9,49,990.87,1,High Value Customers
35,Other,82057,66,4,9,683.93,1,High Value Customers
66,Other,78149,2,10,9,579.27,1,High Value Customers
22,Male,80049,1,10,47,16.97,2,Frequent Buyers
26,Male,148451,78,5,14,99.19,2,Frequent Buyers
26,Male,45147,93,1,32,750.58,2,Frequent Buyers
31,Other,45695,36,2,31,864.67,1,High Value Customers
21,Other,80264,41,4,26,458.93,1,High Value Customers
53,Other,83578,97,5,50,917.08,1,High Value Customers
22,Female,125479,57,8,27,139.75,0,Average Shoppers
29,Female,64799,42,5,19,967.26,0,Average Shoppers
60,Male,71923,25,2,40,986.97,2,Frequent Buyers
57,Male,112170,57,6,1,313.64,2,Frequent Buyers
23,Other,65337,76,10,23,632.83,1,High Value Customers
23,Male,113097,40,5,42,75.09,2,Frequent Buyers
22,Female,113695,63,7,44,505.16,0,Average Shoppers
36,Female,90420,7,2,31,669.26,0,Average Shoppers
